TDSFU Daily run: Sun Oct 26 15:08:50 UTC 2025 TDSFU
TDSFU Daily run: Mon Oct 27 04:43:37 UTC 2025 TDSFU
TDSFU Daily run: Tue Oct 28 04:37:00 UTC 2025 TDSFU
TDSFU Daily run: Wed Oct 29 04:42:01 UTC 2025 TDSFU
TDSFU Daily run: Thu Oct 30 04:36:06 UTC 2025 TDSFU
TDSFU Daily run: Fri Oct 31 04:39:39 UTC 2025 TDSFU
TDSFU Daily run: Sat Nov  1 04:34:10 UTC 2025 TDSFU
TDSFU Daily run: Sun Nov  2 04:37:02 UTC 2025 TDSFU
TDSFU Daily run: Mon Nov  3 04:43:00 UTC 2025 TDSFU
TDSFU Daily run: Tue Nov  4 04:37:12 UTC 2025 TDSFU
TDSFU Daily run: Wed Nov  5 04:37:57 UTC 2025 TDSFU
TDSFU Daily run: Thu Nov  6 04:42:17 UTC 2025 TDSFU
TDSFU Daily run: Fri Nov  7 04:37:22 UTC 2025 TDSFU
